{
  "project_info": {
    "project_number": "971311522261",
    "firebase_url": "https://turkcellgy-e3216-default-rtdb.europe-west1.firebasedatabase.app",
    "project_id": "turkcellgy-e3216",
    "storage_bucket": "turkcellgy-e3216.appspot.com"
  },
  "client": [
    {
      "client_info": {
        "mobilesdk_app_id": "1:971311522261:android:9134767e36a5c0a7915d5c",
        "android_client_info": {
          "package_name": "com.cevdetkilickeser.emerchant"
        }
      },
      "oauth_client": [],
      "api_key": [
        {
          "current_key": "AIzaSyBhv2LO-QRmDdLMniwg0E-4hAutHACEyMo"
        }
      ],
      "services": {
        "appinvite_service": {
          "other_platform_oauth_client": []
        }
      }
    }
  ],
  "configuration_version": "1"
}