{
  "project_info": {
    "project_number": "1009068312236",
    "project_id": "adroid-avm",
    "storage_bucket": "adroid-avm.appspot.com"
  },
  "client": [
    {
      "client_info": {
        "mobilesdk_app_id": "1:1009068312236:android:fbfbb9d94fcbcee193c109",
        "android_client_info": {
          "package_name": "com.example.emre_bitik_final"
        }
      },
      "oauth_client": [],
      "api_key": [
        {
          "current_key": "AIzaSyA_2_NJaxbuPnF5CuTls0nanzlRcCzW1AA"
        }
      ],
      "services": {
        "appinvite_service": {
          "other_platform_oauth_client": []
        }
      }
    }
  ],
  "configuration_version": "1"
}