{
  "project_info": {
    "project_number": "919675022229",
    "project_id": "e-commerce-c2008",
    "storage_bucket": "e-commerce-c2008.appspot.com"
  },
  "client": [
    {
      "client_info": {
        "mobilesdk_app_id": "1:919675022229:android:c01977b2c28365a17f249c",
        "android_client_info": {
          "package_name": "com.bengisusahin.e_commerce"
        }
      },
      "oauth_client": [],
      "api_key": [
        {
          "current_key": "AIzaSyBxTt-rA3FpGXYuqTXX_0GBzD27AODEBV8"
        }
      ],
      "services": {
        "appinvite_service": {
          "other_platform_oauth_client": []
        }
      }
    }
  ],
  "configuration_version": "1"
}