{
  "project_info": {
    "project_number": "16715262402",
    "project_id": "mustafakocerturkcellfinal",
    "storage_bucket": "mustafakocerturkcellfinal.appspot.com"
  },
  "client": [
    {
      "client_info": {
        "mobilesdk_app_id": "1:16715262402:android:512c50cad2cf168d64ce5b",
        "android_client_info": {
          "package_name": "com.example.mustafakocer"
        }
      },
      "oauth_client": [],
      "api_key": [
        {
          "current_key": "AIzaSyBFHyB9hiUimemksdD7mtP5errj1n9nIg4"
        }
      ],
      "services": {
        "appinvite_service": {
          "other_platform_oauth_client": []
        }
      }
    }
  ],
  "configuration_version": "1"
}